file,speaker,role,tot_ovl_speech,tot_nonovl_speech,snr
S01_U01,P03,MAL,1091.1800000000035,0.0,NA
S01_U01,P04,FEM,869.5800000000003,0.0,NA
S01_U01,P01,FEM,1320.3499999999947,2211.5900000000065,NA
S01_U01,P02,FEM,1354.900000000002,0.0,NA
S21_U01,P46,FEM,871.1499999999921,0.0,NA
S21_U01,P45,MAL,817.0300000000182,1080.2099999999764,NA
S21_U01,P47,MAL,878.0700000000122,0.0,NA
S21_U01,P48,FEM,612.1400000000132,0.0,NA
