file,speaker,role,tot_ovl_speech,tot_nonovl_speech,snr
S02_U01,P05,FEM,2462.809999999992,0.0,0.7981724431827797
S02_U01,P08,FEM,2688.8500000000163,0.0,0.7561198913735848
S02_U01,P06,MAL,1694.769999999991,2543.0100000000107,0.78460219071181
S02_U01,P07,MAL,1656.979999999998,0.0,0.7860457237429548
S09_U01,P25,FEM,1379.1800000000062,0.0,2.3455398838122203
S09_U01,P27,FEM,783.5200000000056,1045.489999999997,2.341513416334318
S09_U01,P26,FEM,1407.6000000000156,0.0,2.306656336653864
S09_U01,P28,FEM,730.1400000000086,0.0,2.398153350570931
