file,speaker,role,tot_ovl_speech,tot_nonovl_speech,snr
S01_U01,P03,MAL,1091.1800000000035,0.0,0.6342807821163976
S01_U01,P04,FEM,869.5800000000003,0.0,0.7314110798995138
S01_U01,P01,FEM,1320.3499999999947,2211.5900000000065,0.6178141401606843
S01_U01,P02,FEM,1354.900000000002,0.0,0.5816927402345317
S21_U01,P46,FEM,871.1499999999921,0.0,1.1769630048653779
S21_U01,P45,MAL,817.0300000000182,1080.2099999999764,1.219391947300077
S21_U01,P47,MAL,878.0700000000122,0.0,1.1797244754163454
S21_U01,P48,FEM,612.1400000000132,0.0,1.1854806945971315
