file,key_child_age,clip_length,nb_diff_speakers,nb_children,nb_fem_ad,nb_mal_ad,nb_uncertain,prop_ovl_speech,prop_nonovl_speech,avg_voc_dur,snr
jsalt-rm1-se06.1-mc09-lap,,900.00,1,0,0,1,0,0.00,1.00,214.02,1.1543201286213343
jsalt-rm1-se06.2-mc09-lap,,4200.00,2,0,2,0,0,0.47,0.53,2983.04,1.0171802968457029
jsalt-rm1-se07.1-mc09-lap,,4500.00,2,0,1,1,0,0.48,0.52,2919.98,0.8739015431998755
jsalt-rm1-se07.2-mc09-lap,,5400.00,3,0,2,1,0,0.64,0.36,5239.76,0.7944709377440954
jsalt-rm1-se08.1-mc09-lap,,1200.00,1,0,0,1,0,0.00,1.00,376.73,1.0226081718915383
jsalt-rm1-se08.2-mc09-lap,,60.00,1,0,0,1,0,0.00,1.00,15.31,1.8548858865914555
jsalt-rm1-se09.1-mc09-lap,,3900.00,2,0,1,1,0,0.46,0.54,2745.34,1.2248920583182992
jsalt-rm1-se09.2-mc09-lap,,2400.00,4,0,2,2,0,0.75,0.25,2749.54,0.8777942861485957
